name,ra,dec
Net,"[67.154145, 66.37241999999999, 66.37241999999999, 65.73370499999999, 65.73370499999999, 64.948335, 68.98015500000001, 67.14372, 67.14372, 66.58641, 66.58641, 64.948335, 64.948335, 60.17007, 68.98015500000001, 69.81874499999999]","[19.180431, 17.92791, 17.92791, 17.542514, 17.542514, 15.627642, 16.509301, 15.962181, 15.962181, 15.618265, 15.618265, 15.627642, 15.627642, 12.490347, 16.509301, 15.917977]"
Wall,"[3.30897, 2.096865]","[15.183596, 29.090432]"
Three Stars,"[88.792935, 85.189695, 85.189695, 84.05338499999999, 84.05338499999999, 83.001675, 83.001675, 78.63447, 83.001675, 81.282765, 85.189695, 86.939115]","[7.407063, -1.942572, -1.942572, -1.20192, -1.20192, -0.299092, -0.299092, -8.20164, -0.299092, 6.349702, -1.942572, -9.669605]"
Root,"[222.719655, 228.05538, 228.05538, 233.881575, 233.881575, 229.251735]","[-16.041778, -19.79171, -19.79171, -14.789537, -14.789537, -9.382917]"
Dipper,"[273.44088, 276.992685, 276.992685, 281.4141, 281.4141, 283.81635, 283.81635, 286.73505, 286.73505, 285.65297999999996]","[-21.058834, -25.4217, -25.4217, -26.990778, -26.990778, -26.296722, -26.296722, -27.670423, -27.670423, -29.880105]"
Room,"[241.35930000000002, 240.08335499999998, 240.08335499999998, 239.712975, 239.712975, 239.22115499999998]","[-19.805453, -22.62171, -22.62171, -26.114105, -26.114105, -29.214073]"
Ghosts,"[127.89888000000002, 128.177085, 128.177085, 130.82146500000002, 130.82146500000002, 131.17125]","[18.09442, 20.441162, 20.441162, 21.468501, 21.468501, 18.154309]"
Winnowing Basket,"[271.452045, 275.24850000000004, 275.24850000000004, 276.04302, 276.04302, 274.406895]","[-30.424091, -29.828103, -29.828103, -34.384616, -34.384616, -36.761686]"
Horn,"[201.298245, 203.6733]","[-11.161322, -0.59582]"
Well,"[109.52324999999999, 106.027215, 106.027215, 102.887685, 102.887685, 100.98303, 102.887685, 97.240785, 97.240785, 95.740095, 97.240785, 99.42792, 99.42792, 106.027215, 99.42792, 101.32236, 95.740095, 93.719415]","[16.540383, 20.570297, 20.570297, 21.761148, 21.761148, 25.131124, 21.761148, 20.212133, 20.212133, 22.513586, 20.212133, 16.399252, 16.399252, 20.570297, 16.399252, 12.895591, 22.513586, 22.506799]"
Neck,"[213.22393499999998, 214.00362, 214.00362, 217.05057000000002, 213.22393499999998, 214.77747]","[-10.273702, -6.000547, -6.000547, -2.227957, -10.273702, -13.371095]"
Legs,"[14.301675, 11.834715000000001, 11.834715000000001, 12.471494999999999, 12.471494999999999, 9.63903, 9.63903, 9.83193, 9.83193, 9.2202, 9.2202, 12.45351, 12.45351, 14.188274999999999, 14.188274999999999, 17.43291, 17.43291, 16.546665, 16.546665, 17.91513, 17.91513, 20.280705, 20.280705, 19.866645000000002, 19.866645000000002, 18.43728, 18.43728, 17.86341, 17.86341, 16.420634999999997, 16.420634999999997, 14.301675]","[23.417648, 24.267178, 24.267178, 27.710286, 27.710286, 29.311751, 29.311751, 30.861024, 30.861024, 33.719344, 33.719344, 41.078911, 41.078911, 38.499345, 38.499345, 35.620558, 35.620558, 32.181485, 32.181485, 30.089638, 30.089638, 28.738207, 28.738207, 27.264059, 27.264059, 24.583713, 24.583713, 21.03465, 21.03465, 21.473181, 21.473181, 23.417648]"
Willow,"[129.689325, 130.80615, 130.80615, 132.10821, 132.10821, 131.693805, 129.41403, 131.693805, 132.10821, 133.84845, 133.84845, 136.49319, 136.49319, 138.591075]","[3.341435, 3.398662, 3.398662, 5.837812, 5.837812, 6.418809, 5.703782, 6.418809, 5.837812, 5.945563, 5.945563, 5.092316, 5.092316, 2.31428]"
Bond,"[31.793325000000003, 28.66002, 28.66002, 28.38255]","[23.462423, 20.808035, 20.808035, 19.293852]"
Hairy Head,"[56.218905, 56.30205, 56.30205, 56.47698, 56.47698, 56.456685, 56.218905, 56.58156, 56.58156, 56.87115, 56.87115, 57.290595]","[24.113339, 24.467278, 24.467278, 24.554511, 24.554511, 24.367748, 24.113339, 23.948358, 23.948358, 24.105137, 24.105137, 24.053415]"
Ox,"[305.25280499999997, 304.51356, 304.51356, 303.10779, 305.25280499999997, 306.83004, 306.83004, 307.474605, 307.474605, 307.21506, 306.83004, 307.21506]","[-14.781367, -12.544852, -12.544852, -12.617497, -14.781367, -18.211721, -18.211721, -18.583178, -18.583178, -17.813687, -18.211721, -17.813687]"
Girl,"[311.91897, 313.163475, 313.163475, 312.85728, 312.85728, 311.934315]","[-9.495776, -8.983318, -8.983318, -5.626633, -5.626633, -5.027701]"
Encampment,"[346.19022, 345.943515]","[15.205264, 28.082789]"
Supreme Palace Right Wall,"[177.67383, 170.28414, 170.28414, 170.98104, 170.98104, 168.560025, 168.560025, 168.52706999999998]","[1.764718, 6.029322, 6.029322, 10.529509, 10.529509, 15.42957, 15.42957, 20.523717]"
Supreme Palace Left Wall,"[184.97649, 190.415175, 190.415175, 193.90087499999998, 193.90087499999998, 195.54416999999998, 195.54416999999998, 197.49703499999998]","[-0.666803, -1.449375, -1.449375, 3.39747, 3.39747, 10.95915, 10.95915, 17.529431]"
Heavenly Market Right Wall,"[247.55502, 245.48007, 245.48007, 242.018865, 242.018865, 239.11323000000002, 239.11323000000002, 236.546895, 236.546895, 233.700615, 233.700615, 236.06697, 236.06697, 237.704025, 237.704025, 243.58641000000003, 243.58641000000003, 244.58036999999996, 244.58036999999996, 249.28974000000002]","[21.489613, 19.15313, 19.15313, 17.04698, 17.04698, 15.661617, 15.661617, 15.421826, 15.421826, 10.538867, 10.538867, 6.425627, 6.425627, 4.47773, 4.47773, -3.694323, -3.694323, -4.692511, -4.692511, -10.56709]"
Heavenly Market Left Wall,"[258.75796499999996, 262.68462, 262.68462, 266.614785, 266.614785, 271.88562, 271.88562, 283.06845, 283.06845, 286.352535, 286.352535, 284.05492499999997, 284.05492499999997, 275.32750500000003, 275.32750500000003, 269.75662500000004, 269.75662500000004, 264.396675, 264.396675, 257.59452]","[24.839204, 26.110645, 26.110645, 27.720676, 27.720676, 28.762488, 28.762488, 21.425142, 21.425142, 13.863478, 13.863478, 4.203595, 4.203595, -2.898825, -2.898825, -9.773632, -9.773632, -15.398557, -15.398557, -15.72491]"
Rooftop,"[331.445985, 332.54994, 332.54994, 326.04649500000005]","[-0.319851, 6.197865, 6.197865, 9.875011]"
Tail,"[252.54119999999998, 252.96763500000003, 252.96763500000003, 253.49885999999998, 253.49885999999998, 258.03828, 258.03828, 264.3297, 264.3297, 266.89617000000004, 266.89617000000004, 265.62198, 265.62198, 263.402175, 263.402175, 262.69097999999997, 252.96763500000003, 253.083945]","[-34.293232, -38.04738, -38.04738, -42.362025, -42.362025, -43.239189, -43.239189, -42.997824, -42.997824, -40.126997, -40.126997, -39.029983, -39.029983, -37.103821, -37.103821, -37.295811, -38.04738, -38.017536]"
Stomach,"[40.86297, 41.9772, 41.9772, 42.495945]","[27.707146, 29.247118, 29.247118, 27.260507]"
Heart,"[245.297145, 247.35191999999998, 247.35191999999998, 248.97064500000002]","[-25.592796, -26.432002, -26.432002, -28.216016]"
Star,"[141.89685, 142.287075, 142.287075, 142.99553999999998, 142.99553999999998, 144.96400500000001, 141.89685, 140.12090999999998, 140.12090999999998, 139.943265, 139.943265, 142.912455, 141.89685, 142.912455]","[-8.658603, -2.768964, -2.768964, -1.184664, -1.184664, -1.14281, -8.658603, -9.555695, -9.555695, -11.974853, -11.974853, -10.552013, -8.658603, -10.552013]"
Emptiness,"[322.88973, 318.955965]","[-5.571172, 5.247845]"
Wings,"[164.94366000000002, 171.22053, 164.94366000000002, 170.841225, 164.94366000000002, 162.406185, 171.22053, 176.190735, 176.190735, 170.841225, 176.190735, 179.003985, 171.22053, 169.835205, 169.835205, 174.666735, 174.666735, 171.78966, 171.78966, 171.15246, 171.15246, 166.39164, 166.39164, 165.63019500000001, 171.15246, 174.17047499999998, 174.17047499999998, 177.09786, 170.841225, 167.91453, 167.91453, 172.948155, 172.948155, 166.333005, 166.333005, 174.75182999999998]","[-18.298783, -17.68401, -18.298783, -18.779973, -18.298783, -16.193648, -17.68401, -18.350674, -18.350674, -18.779973, -18.350674, -17.150829, -17.68401, -14.778541, -14.778541, -13.201943, -13.201943, -12.356749, -12.356749, -10.859323, -10.859323, -11.088901, -11.088901, -9.994852, -10.859323, -9.802247, -9.802247, -10.313105, -18.779973, -22.825847, -22.825847, -20.776472, -20.776472, -27.293612, -27.293612, -24.721093]"
Extended Net,"[147.86955, 152.647005, 152.647005, 156.52263, 156.52263, 151.01172, 147.86955, 151.01172, 147.86955, 145.07652000000002, 156.52263, 159.645645]","[-14.846603, -12.354083, -12.354083, -16.83629, -16.83629, -18.101406, -14.846603, -18.101406, -14.846603, -14.332292, -16.83629, -16.876572]"
Chariot,"[188.596815, 187.466085, 187.466085, 183.95155499999998, 183.95155499999998, 182.53119, 183.95155499999998, 185.1402, 187.466085, 188.01764999999997, 182.53119, 182.103375]","[-23.396759, -16.515432, -16.515432, -17.541929, -17.541929, -22.619766, -17.541929, -22.215901, -16.515432, -16.196007, -22.619766, -24.728875]"
Purple Forbidden Right Wall,"[211.097475, 188.37087000000002, 188.37087000000002, 172.85110500000002, 172.85110500000002, 143.620545, 143.620545, 103.42602000000001, 103.42602000000001, 73.51254, 73.51254, 49.996935]","[64.37585, 69.788238, 69.788238, 69.331076, 69.331076, 69.830343, 69.830343, 68.888309, 68.888309, 66.342678, 66.342678, 65.652292]"
Purple Forbidden Left Wall,"[231.23241000000002, 240.47297999999998, 240.47297999999998, 245.99790000000002, 245.99790000000002, 257.19671999999997, 257.19671999999997, 283.59915, 283.59915, 307.87668, 307.87668, 346.974345, 346.974345, 11.941785]","[58.966065, 58.565251, 58.565251, 61.514213, 61.514213, 65.714683, 65.714683, 71.297192, 71.297192, 74.954619, 74.954619, 75.387496, 75.387496, 74.847573]"
Turtle Beak,"[83.78449499999999, 83.70516, 83.78449499999999, 84.22662]","[9.934158, 9.489579, 9.934158, 9.290673]"
Eight Kinds of Crops,"[89.88166500000001, 88.71160499999999, 88.71160499999999, 86.62659000000001, 86.62659000000001, 78.380295, 86.62659000000001, 74.3217, 76.669335, 76.535235, 76.535235, 88.74094500000001]","[54.284656, 55.706947, 55.706947, 56.115575, 56.115575, 62.691132, 56.115575, 53.752101, 51.59772, 58.972372, 58.972372, 59.888367]"
Net for Catching Birds,"[2.8160849999999997, 0.9349500000000001, 0.9349500000000001, 359.58843, 2.8160849999999997, 1.1254950000000001, 2.8160849999999997, 5.715764999999999, 2.8160849999999997, 3.660075]","[-15.467977, -17.335988, -17.335988, -15.847484, -15.467977, -10.509523, -15.467977, -12.209438, -15.467977, -18.932866]"
Rotten Gourd,"[308.303205, 308.48767499999997, 308.48767499999997, 309.68327999999997, 309.68327999999997, 309.454665, 309.454665, 309.782415]","[11.303263, 13.027255, 13.027255, 13.315125, 13.315125, 11.377676, 11.377676, 10.086203]"
Decayed Mortar,"[328.48212, 331.52871, 331.52871, 343.131405, 343.131405, 340.592025]","[-37.364852, -39.543353, -39.543353, -32.875504, -32.875504, -29.361046]"
Northern Dipper,"[165.93232500000002, 165.46015500000001, 165.46015500000001, 178.45752000000002, 178.45752000000002, 183.85629, 183.85629, 193.50708, 193.50708, 200.981205, 200.981205, 206.88531]","[61.751033, 56.382427, 56.382427, 53.69476, 53.69476, 57.032617, 57.032617, 55.959821, 55.959821, 54.925362, 54.925362, 49.313265]"
North River,"[116.329155, 113.64951, 113.64951, 112.277925]","[28.026199, 31.888276, 31.888276, 31.78455]"
Northern Pole,"[230.182245, 222.676575, 222.676575, 216.88137, 216.88137, 212.21247, 212.21247, 192.30744]","[71.834016, 74.155505, 74.155505, 75.695993, 75.695993, 77.547514, 77.547514, 83.412901]"
North Gate of the Military Camp,"[344.41256999999996, 344.41256999999996]","[-29.622236, -29.622236]"
River Turtle,"[276.74341499999997, 282.21036, 282.21036, 285.77860499999997, 285.77860499999997, 287.08734, 287.08734, 287.50731, 287.50731, 287.368035, 287.368035, 286.60456500000004, 286.60456500000004, 284.680815, 284.680815, 284.16873, 284.16873, 278.34639, 278.34639, 278.375745, 278.375745, 276.74341499999997]","[-45.968459, -43.680047, -43.680047, -42.095105, -42.095105, -40.496703, -40.496703, -39.340796, -39.340796, -37.904474, -37.904474, -37.063437, -37.063437, -37.107357, -37.107357, -37.343241, -37.343241, -38.725985, -38.725985, -42.31251, -42.31251, -45.968459]"
Persia,"[298.157145, 309.39173999999997, 309.39173999999997, 322.25049, 322.25049, 329.479395, 329.479395, 330.10098, 330.10098, 311.00948999999997, 311.00948999999997, 312.875205]","[-54.971026, -47.291502, -47.291502, -53.705912, -53.705912, -54.992575, -54.992575, -55.883486, -55.883486, -51.920971, -51.920971, -51.608179]"
Textile Ruler,"[270.37669500000004, 272.18955]","[21.595782, 20.814557]"
Banner of Three Stars,"[73.133175, 74.092815, 74.092815, 73.695405, 73.695405, 73.72386, 73.72386, 72.65301, 72.65301, 72.460035, 72.460035, 72.80151000000001, 72.80151000000001, 73.562895, 73.562895, 74.63709]","[14.250642, 13.514466, 13.514466, 11.426006, 11.426006, 10.150833, 10.150833, 8.900176, 8.900176, 6.961276, 6.961276, 5.605104, 5.605104, 2.440672, 2.440672, 1.714016]"
Toilet,"[83.18256000000001, 82.06134, 82.06134, 86.115855, 86.115855, 87.830355]","[-17.822289, -20.759441, -20.759441, -22.448382, -22.448382, -20.879089]"
Whip,"[14.177145, 14.177145]","[60.71674, 60.71674]"
Royal Guards,"[194.007105, 191.24778, 191.24778, 189.692835, 189.692835, 188.43616500000002, 188.43616500000002, 186.4623, 186.4623, 184.031445, 184.031445, 180.52858500000002]","[38.31838, 39.278916, 39.278916, 40.874662, 40.874662, 41.35748, 41.35748, 39.018616, 39.018616, 40.66018, 40.66018, 43.0456]"
Big Yard for Chariots,"[343.008375, 340.128495, 340.128495, 335.25642, 335.25642, 323.49525, 323.49525, 314.95647, 314.95647, 316.23276000000004, 316.23276000000004, 324.23740499999997]","[43.312417, 44.276305, 44.276305, 46.536569, 46.536569, 45.591837, 45.591837, 47.520951, 47.520951, 43.927852, 43.927852, 40.413521]"
Chariots and Cavalry,"[228.0714, 219.47181, 219.47181, 218.15443499999998]","[-52.099247, -49.425828, -49.425828, -50.457157]"
Commodity Market,"[246.950775, 252.458445]","[-8.371731, -10.783]"
Hay,"[36.487514999999995, 38.677605, 38.677605, 34.24602, 36.243285, 35.50638, 35.50638, 39.890969999999996]","[-12.29048, -7.859445, -7.859445, -6.422116, -2.780031, -10.777534, -10.777534, -11.872156]"
Pestle (In Winnowing Basket Mansion),"[263.91498, 262.96042500000004, 262.96042500000004, 261.324975]","[-46.505684, -49.876145, -49.876145, -55.529884]"
Pestle (In Rooftop Mansion),"[333.9924, 332.49685500000004, 332.49685500000004, 331.39446]","[37.748737, 33.178224, 33.178224, 28.963981]"
Changsha (Vassal of Chariot),"[185.1402, 185.1402]","[-22.215901, -22.215901]"
Guest House,"[356.978145, 8.603745, 8.603745, 15.137400000000001, 15.137400000000001, 17.922435, 17.922435, 33.621255000000005, 33.621255000000005, 43.98678, 43.98678, 52.26723, 52.26723, 52.478100000000005, 52.478100000000005, 52.500855]","[67.806808, 66.750351, 66.750351, 65.115068, 65.115068, 65.018854, 65.018854, 66.524428, 66.524428, 61.521138, 61.521138, 59.94033, 59.94033, 58.87875, 58.87875, 55.451808]"
Retinue (In Room Mansion),"[237.73974, 235.67092499999998]","[-33.627165, -34.710407]"
Retinue (In Supreme Palace Enclosure),"[175.19612999999998, 175.19612999999998]","[21.35273, 21.35273]"
Great Horn,"[213.91545, 213.91545]","[19.18241, 19.18241]"
Chief Judge,"[183.049665, 183.049665]","[77.616241, 77.616241]"
Mausoleum,"[35.589315, 43.564425, 43.564425, 47.265075, 47.265075, 47.37387, 47.37387, 47.04222, 47.04222, 46.29405, 46.29405, 42.645945, 42.645945, 40.56216]","[55.845653, 52.762479, 52.762479, 49.613278, 49.613278, 44.857544, 44.857544, 40.955648, 40.955648, 38.840274, 38.840274, 38.318644, 38.318644, 40.193944]"
Celestial Temple,[],[]
Mattress of the Emperor,"[212.599725, 210.2937, 210.2937, 209.142405]","[25.091677, 27.386594, 27.386594, 27.492082]"
Emperor's Seat,"[258.661905, 258.661905]","[14.390333, 14.390333]"
Eastern Door,"[247.784865, 246.755985, 246.755985, 246.02577, 246.02577, 248.034165]","[-16.612733, -18.456251, -18.456251, -20.037327, -20.037327, -21.46639]"
Dipper for Liquids,"[246.35396999999998, 243.326865, 243.326865, 243.75534, 243.75534, 248.15122499999998, 248.15122499999998, 249.21516]","[14.03327, 13.526911, 13.526911, 11.490028, 11.490028, 11.488041, 11.488041, 7.107194]"
Trials,"[228.65550000000002, 230.4516]","[-31.519121, -36.261376]"
Send Armed Forces To Suppress (Vassal of Three Stars),"[83.84652, 83.84542499999999, 83.84542499999999, 83.85826499999999, 83.84652, 84.05338499999999]","[-4.838358, -5.41606, -5.41606, -5.909901, -4.838358, -1.20192]"
Punishment,"[243.90528, 241.90173, 241.90173, 240.081705]","[-8.369442, -12.74541, -12.74541, -16.53335]"
Flying Fish,"[135.611655, 107.18682, 135.611655, 126.434265, 135.611655, 124.95410999999999, 135.611655, 109.20762, 135.611655, 115.45506]","[-66.396076, -70.498932, -66.396076, -66.13689, -66.396076, -71.514906, -66.396076, -67.957152, -66.396076, -72.606098]"
Tomb (Vassal of Rooftop),"[337.207965, 335.41407000000004, 337.207965, 338.83908, 337.207965, 336.31926, 337.207965, 331.445985]","[-0.019972, -1.387331, -0.019972, -0.117498, -0.019972, 1.377401, -0.019972, -0.319851]"
Axe,"[355.39371, 356.05032, 356.05032, 357.838905]","[-18.027077, -18.276938, -18.276938, -18.909163]"
Sickle,"[22.400550000000003, 24.71577, 24.71577, 30.001260000000002, 30.001260000000002, 29.167485]","[-21.629339, -21.275384, -21.275384, -21.077831, -21.077831, -22.526785]"
Basket for Mulberry Leaves,"[280.658145, 278.143845, 278.143845, 275.977605, 275.977605, 282.80022, 282.80022, 284.187765, 284.187765, 285.18108, 285.18108, 286.22986499999996]","[55.539457, 57.045599, 57.045599, 58.800736, 58.800736, 59.388351, 59.388351, 57.814851, 57.814851, 55.658301, 55.658301, 53.396654]"
White Patched Nearby,"[56.809425, 42.618825]","[-74.238962, -75.066947]"
Auxiliary Road,"[9.24282, 9.24282]","[53.896909, 53.896909]"
Fu Yue,"[267.464475, 267.464475]","[-37.043304, -37.043304]"
Roofing,"[330.82851, 331.197585]","[-2.155363, -0.906343]"
Canopy Support (Vassal of Canopy of the Emperor),"[57.589529999999996, 47.984355, 47.984355, 31.381544999999996, 31.381544999999996, 31.511010000000002, 31.511010000000002, 30.85902, 30.85902, 32.282805, 32.282805, 30.489659999999997, 30.489659999999997, 25.732395, 25.732395, 22.806659999999997]","[71.332266, 74.393659, 74.393659, 76.11506, 76.11506, 74.583715, 74.583715, 72.421294, 72.421294, 71.552006, 71.552006, 70.90702, 70.90702, 70.622526, 70.622526, 70.264604]"
Flying Corridor,"[37.266555, 28.598760000000002, 28.598760000000002, 21.453239999999997, 21.453239999999997, 17.775255, 17.775255, 12.20838, 12.20838, 11.1813]","[67.402474, 63.670101, 63.670101, 60.235283, 60.235283, 55.149901, 55.149901, 50.968168, 50.968168, 48.284364]"
Celestial Lance,"[221.24676, 218.67, 218.67, 217.9575]","[27.074222, 29.74513, 29.74513, 30.371437]"
Curved Array,"[343.601835, 17.184195, 17.184195, 37.94625, 37.94625, 263.05377, 263.05377, 251.49238499999998, 251.49238499999998, 236.014485]","[84.346177, 86.25709, 86.25709, 89.264109, 89.264109, 86.58646, 86.58646, 82.037262, 82.037262, 77.794493]"
Lock (Vassal of Room),"[241.70177999999999, 241.85136, 241.70177999999999, 241.35930000000002]","[-20.669192, -20.868764, -20.669192, -19.805453]"
Dog,"[294.17679, 291.318705]","[-24.883623, -24.508575]"
Territory of Dog,"[298.959765, 299.73832500000003, 299.73832500000003, 300.66448499999996, 300.66448499999996, 299.2368, 299.2368, 298.959765]","[-26.299506, -26.195767, -26.195767, -27.709845, -27.709845, -27.169899, -27.169899, -26.299506]"
Coiled Thong,"[235.99710000000002, 233.23243499999998, 233.23243499999998, 231.95727, 231.95727, 233.67192, 233.67192, 235.68571500000002, 235.68571500000002, 237.39855, 237.39855, 239.39691000000002, 239.39691000000002, 240.360705, 240.360705, 240.26118]","[32.515807, 31.359133, 31.359133, 29.105703, 29.105703, 26.714693, 26.714693, 26.295637, 26.295637, 26.068394, 26.068394, 26.87788, 26.87788, 29.851061, 29.851061, 33.303509]"
Beacon Fire,"[122.61327, 125.1339, 125.1339, 126.61545, 126.61545, 123.28694999999999]","[25.507334, 24.022314, 24.022314, 27.893583, 27.893583, 29.656536]"
Tortoise,"[254.89603499999998, 261.34858499999996, 261.34858499999996, 262.77477, 262.77477, 252.4464, 252.4464, 254.65509]","[-53.160438, -56.377727, -56.377727, -60.683848, -60.683848, -59.041378, -59.041378, -55.990141]"
Sea and Mountain,"[156.969735, 161.18762999999998, 161.18762999999998, 174.09322500000002, 174.09322500000002, 173.945445, 173.945445, 176.402115]","[-58.739403, -59.56519, -59.56519, -61.052433, -61.052433, -63.019841, -63.019841, -66.728763]"
Sea Rock,"[125.62853999999999, 139.27257, 139.27257, 143.611065, 143.611065, 146.311755, 146.311755, 146.77554]","[-59.509483, -59.275229, -59.275229, -59.229753, -59.229753, -62.507903, -62.507903, -65.072007]"
Military Gate,[],[]
Drum at the River,"[298.828305, 297.69582, 297.69582, 296.56491000000005]","[6.406763, 8.868322, 8.868322, 10.613261]"
Crane,"[332.058135, 340.666725, 340.666725, 342.13858500000003, 342.13858500000003, 341.407785, 341.407785, 349.35747, 349.35747, 345.220155, 345.220155, 340.666725, 340.666725, 347.5896, 340.666725, 346.71975000000003, 340.666725, 340.87489500000004, 340.87489500000004, 337.163355, 340.666725, 337.439325, 337.439325, 333.903795]","[-46.960975, -46.884577, -46.884577, -51.316864, -51.316864, -53.500121, -53.500121, -58.235734, -58.235734, -52.754137, -52.754137, -46.884577, -46.884577, -45.246711, -46.884577, -43.520358, -46.884577, -41.414347, -41.414347, -39.131792, -46.884577, -43.749224, -43.749224, -41.3467]"
Railings,"[207.37617, 207.404145, 207.404145, 209.56779, 209.56779, 211.51155]","[-41.687709, -42.473732, -42.473732, -42.100753, -42.100753, -41.179633]"
Astrologer,"[263.733615, 263.733615]","[12.560035, 12.560035]"
Bow and Arrow,"[107.097855, 111.02376, 111.02376, 116.313735, 116.313735, 119.417115, 119.417115, 117.02154, 117.02154, 114.70778999999999, 114.70778999999999, 111.02376, 111.02376, 104.656455, 104.656455, 102.460245, 102.460245, 109.285665, 109.285665, 116.313735]","[-26.3932, -29.303104, -29.303104, -37.968584, -37.968584, -30.33457, -30.33457, -25.937169, -25.937169, -26.803836, -26.803836, -29.303104, -29.303104, -28.972084, -28.972084, -32.508478, -32.508478, -37.09747, -37.09747, -37.968584]"
Dipper for Solids,"[253.50196499999998, 254.417085, 254.417085, 252.58075499999998, 252.58075499999998, 251.457885]","[10.165359, 9.375033, 9.375033, 7.247683, 7.247683, 8.582616]"
Emperor's Bodyguard,"[168.800955, 168.800955]","[23.095502, 23.095502]"
Good Gourd,"[311.6646, 309.909525, 309.909525, 309.38724, 309.38724, 310.864725, 310.864725, 311.6646, 309.38724, 308.82723]","[16.124296, 15.912072, 15.912072, 14.595087, 14.595087, 15.074581, 15.074581, 16.124296, 14.595087, 14.674213]"
Canopy of the Emperor,"[22.806659999999997, 24.62889, 22.806659999999997, 19.049580000000002, 22.806659999999997, 17.663684999999997, 22.806659999999997, 21.48312, 22.806659999999997, 25.585320000000003, 22.806659999999997, 29.000055]","[70.264604, 73.04004, 70.264604, 71.743842, 70.264604, 68.778621, 70.264604, 68.130012, 70.264604, 68.043021, 70.264604, 68.685242]"
Eunuch Official,"[255.78278999999998, 255.913755, 255.913755, 256.34454, 256.34454, 258.115875]","[14.091947, 13.605346, 13.605346, 12.740828, 12.740828, 10.585168]"
Firebird,"[353.24268, 353.768985, 353.768985, 354.462405, 354.462405, 2.35254, 2.35254, 6.55074, 6.55074, 6.5708400000000005, 6.5708400000000005, 10.33149, 10.33149, 7.85391, 7.85391, 16.521105, 16.521105, 22.091385]","[-37.818268, -42.615075, -42.615075, -45.492351, -45.492351, -45.747426, -45.747426, -43.679829, -43.679829, -42.305981, -42.305981, -46.085007, -46.085007, -48.803514, -48.803514, -46.718414, -46.718414, -43.318234]"
Cumulative Corpses,"[130.458675, 130.458675]","[19.87417, 19.87417]"
Heap of Corpses,"[44.69028, 44.69028]","[39.662728, 39.662728]"
Stored water,"[61.646024999999995, 61.646024999999995]","[50.351262, 50.351262]"
Pile of Firewood,"[116.111895, 116.111895]","[24.397993, 24.397993]"
Group of Soldiers,"[241.64811000000003, 240.03054]","[-36.802288, -38.396706]"
White Patches Attached,"[78.43932000000001, 63.60606]","[-67.185255, -62.473858]"
Establishment,"[284.432505, 286.17075, 286.17075, 287.440965, 287.440965, 289.40866500000004, 289.40866500000004, 290.418165, 290.418165, 290.431755]","[-21.106654, -21.741496, -21.741496, -21.023615, -21.023615, -18.952908, -18.952908, -17.847197, -17.847197, -15.955018]"
Clepsydra Terrace,"[283.62618, 282.51997500000004, 282.51997500000004, 284.735925, 284.735925, 286.825545]","[36.898613, 33.362667, 33.362667, 32.689557, 32.689557, 36.100157]"
Door Bolt,"[242.99889000000002, 242.99889000000002]","[-19.460708, -19.460708]"
Goldfish,"[64.00645499999999, 68.49897, 68.49897, 83.40631499999999, 83.40631499999999, 86.193345, 86.193345, 92.18464499999999]","[-51.486648, -55.044975, -55.044975, -62.489825, -62.489825, -65.735526, -65.735526, -68.843409]"
Recommending Virtuous Men,"[194.91465, 194.91465]","[-3.811926, -3.811926]"
Accumulated Water,"[110.51095500000001, 110.51095500000001]","[36.760584, 36.760584]"
Nine Water Wells,"[318.05709, 318.05709]","[-40.269362, -40.269362]"
Nine Senior Officers,"[190.471065, 191.40441, 191.40441, 189.281745]","[10.235625, 7.673326, 7.673326, 8.796868]"
Imperial Military Flag,"[69.30697500000001, 71.375625, 71.375625, 73.223625, 73.223625, 74.96021999999999, 74.96021999999999, 74.98223999999999, 74.98223999999999, 72.5484, 72.5484, 71.901195, 71.901195, 70.110465, 70.110465, 75.68742]","[0.998314, -3.254657, -3.254657, -5.452695, -5.452695, -10.263325, -10.263325, -12.537416, -12.537416, -16.217159, -16.217159, -16.934456, -16.934456, -19.671493, -19.671493, -22.795052]"
Interpreters of Nine Dialects,"[63.59871, 62.966415, 62.966415, 65.920215, 65.920215, 69.079755, 69.079755, 71.022165, 71.022165, 70.89477]","[-10.256283, -6.837581, -6.837581, -3.74547, -3.74547, -3.352459, -3.352459, -8.503571, -8.503571, -8.794317]"
Banner of Wine Shop,"[145.93293, 142.98641999999998, 142.98641999999998, 142.11417]","[14.021692, 11.299827, 11.299827, 9.056778]"
Mortar,"[335.33058, 331.752705, 331.752705, 326.16137999999995, 326.16137999999995, 326.03565000000003]","[28.330529, 25.345112, 25.345112, 25.645036, 25.645036, 28.742632]"
Rolled Tongue,"[56.298480000000005, 59.46345, 59.46345, 59.741249999999994, 59.741249999999994, 58.533, 58.533, 56.07972, 56.07972, 55.594364999999996]","[42.578549, 40.010215, 40.010215, 35.791033, 35.791033, 31.883635, 31.883635, 32.288248, 32.288248, 33.965026]"
Military Well,"[78.074595, 78.30783, 78.30783, 79.893855, 79.893855, 79.99593]","[-11.869219, -12.941291, -12.941291, -13.176788, -13.176788, -12.315585]"
Southern Military Gate,"[17.37552, 17.37552]","[47.241792, 47.241792]"
Market for Soldiers,"[95.674935, 99.47259, 99.47259, 103.38711, 103.38711, 103.761405, 103.761405, 103.533135, 103.533135, 97.964025, 97.964025, 95.674935]","[-17.955918, -18.237478, -18.237478, -20.224254, -20.224254, -20.404876, -20.404876, -24.184211, -24.184211, -23.418422, -23.418422, -17.955918]"
Chaff,"[261.83863499999995, 261.83863499999995]","[-29.867033, -29.867033]"
Boats and Lake,"[214.93849500000002, 212.680725, 212.680725, 213.52159500000002, 213.52159500000002, 214.81781999999998]","[16.306948, 15.290755, 15.290755, 12.959444, 12.959444, 13.004299]"
Peafowl,"[266.433315, 272.145, 272.145, 277.84344, 277.84344, 283.05431999999996, 283.05431999999996, 284.23765499999996, 284.23765499999996, 302.17735500000003, 302.17735500000003, 311.23970999999995, 311.23970999999995, 280.7589, 280.7589, 300.147675, 300.147675, 321.61057500000004, 321.61057500000004, 306.411885]","[-64.723871, -63.668553, -63.668553, -62.278302, -62.278302, -62.187593, -62.187593, -67.233495, -67.233495, -66.182068, -66.182068, -66.203212, -66.203212, -71.428113, -71.428113, -72.910504, -72.910504, -65.366198, -65.366198, -56.73509]"
Crying,"[328.32402, 332.65617000000003]","[-13.551768, -11.564939]"
Arsenal,"[208.885005, 218.87679, 218.87679, 211.670925, 211.670925, 207.36136499999998, 207.36136499999998, 202.761075, 202.761075, 196.56963, 196.56963, 190.379565, 190.379565, 189.42591, 189.42591, 186.08919, 186.08919, 187.009965]","[-47.288375, -42.157824, -42.157824, -36.369954, -36.369954, -34.450776, -34.450776, -39.407307, -39.407307, -48.463289, -48.463289, -48.959888, -48.959888, -48.541304, -48.541304, -47.372937, -47.372937, -50.230635]"
Captain of the Bodyguards,"[192.92467499999998, 192.92467499999998]","[27.540712, 27.540712]"
Officers of the Imperial Guard,"[186.73449, 186.60027, 186.60027, 186.747075, 186.747075, 187.227945, 187.227945, 186.07719, 186.07719, 185.626305, 185.626305, 187.75234500000002, 187.75234500000002, 187.362675, 187.362675, 184.08558000000002, 184.08558000000002, 188.712855, 188.712855, 189.780465, 189.780465, 187.43016, 187.43016, 183.038715, 183.038715, 181.069155]","[28.268423, 27.268237, 27.268237, 26.825699, 26.825699, 25.912852, 25.912852, 26.098606, 26.098606, 25.84616, 25.84616, 24.567168, 24.567168, 24.108925, 24.108925, 23.945409, 23.945409, 22.629259, 22.629259, 21.062559, 21.062559, 20.896109, 20.896109, 20.542064, 20.542064, 21.459153]"
Old Man,"[95.98792499999999, 95.98792499999999]","[-52.69566, -52.69566]"
Thunder and Lightning,"[352.288725, 350.76903000000004, 350.76903000000004, 346.751085, 346.751085, 343.100295, 343.100295, 341.67324, 341.67324, 340.365495]","[12.760554, 12.31391, 12.31391, 9.409492, 9.409492, 9.835664, 9.835664, 12.172888, 12.172888, 10.831364]"
Line of Ramparts,"[0.45603, 359.66824499999996, 359.66824499999996, 0.49008, 0.49008, 1.33392, 1.33392, 0.45603, 359.66824499999996, 348.58066499999995, 348.58066499999995, 343.15364999999997, 343.15364999999997, 337.66173, 337.66173, 331.60929, 331.60929, 326.760165, 326.760165, 325.022715, 325.022715, 324.27012, 324.27012, 325.66459499999996, 325.66459499999996, 326.760165]","[-3.027504, -3.555983, -3.555983, -6.014072, -6.014072, -5.707618, -5.707618, -3.027504, -3.555983, -6.049003, -6.049003, -7.579599, -7.579599, -10.67795, -10.67795, -13.869679, -13.869679, -16.127286, -16.127286, -16.662308, -16.662308, -19.466011, -19.466011, -18.866323, -18.866323, -16.127286]"
Resting Palace (Vassal of Encampment),"[341.632815, 342.500775, 340.439205, 340.75056, 350.15934, 351.344895, 345.943515, 342.500775, 345.943515, 340.75056, 345.943515, 350.15934]","[23.565654, 24.601579, 29.307641, 30.221245, 23.740337, 23.404101, 28.082789, 24.601579, 28.082789, 30.221245, 28.082789, 23.740337]"
Jade Ornament on Ladies' Wear,"[319.48449, 322.26558]","[-32.172539, -31.238559]"
Pearls on Ladies' Wear,"[309.85371, 309.58450500000004, 309.58450500000004, 309.1818, 309.1818, 307.412505]","[0.486445, -1.105121, -1.105121, -2.549957, -2.549957, -2.885531]"
Whetstone,"[61.751925, 62.707755, 62.707755, 65.645595, 65.645595, 65.08840500000001]","[29.001299, 26.480952, 26.480952, 25.629314, 25.629314, 27.350754]"
Jewel Market,"[245.51812500000003, 247.72843500000002]","[1.029039, 1.983923]"
Astronomical Observatory,"[166.254285, 165.18667499999998, 165.18667499999998, 165.140205]","[7.336007, 6.101449, 6.101449, 3.617494]"
Six Jia,"[101.56005, 105.016215, 105.016215, 121.19651999999999, 121.19651999999999, 112.768665, 112.768665, 75.086325, 75.086325, 80.64054]","[79.564811, 76.977408, 76.977408, 79.479612, 79.479612, 82.411466, 82.411466, 81.194088, 81.194088, 79.231149]"
Network of Dykes,"[309.817995, 310.012275, 310.012275, 311.541615]","[-14.95476, -18.138659, -18.138659, -21.514032]"
Horse's Abdomen,"[210.955935, 200.201415]","[-60.373039, -55.800688]"
Horse's Tail,"[186.63236999999998, 182.91303000000002, 182.91303000000002, 182.08965]","[-51.450635, -52.36846, -52.36846, -50.722425]"
Bee,"[191.57019, 189.29608499999998, 191.57019, 188.11701, 191.57019, 195.566385]","[-68.108119, -69.135564, -68.108119, -72.132988, -68.108119, -71.548855]"
The Hall of Glory,"[171.98433, 174.23721, 174.23721, 172.57872]","[2.856265, -0.823749, -0.823749, -3.003501]"
Southern Boat,"[154.2708, 158.006145, 158.006145, 160.739235, 160.739235, 153.434415, 153.434415, 138.300615]","[-61.332304, -61.685332, -61.685332, -64.39445, -64.39445, -70.037903, -70.037903, -69.717208]"
South River,"[111.412065, 111.78768, 111.78768, 114.825495]","[9.276097, 8.289315, 8.289315, 5.224993]"
Dongou,[],[]
Southern Gate,"[204.97194000000002, 219.911475]","[-53.466394, -60.833976]"
Inner Kitchen,"[191.89309500000002, 193.86897]","[66.790304, 65.438474]"
Inner Steps,"[127.56646500000001, 138.58561500000002, 138.58561500000002, 134.156115, 142.881795, 133.344015, 133.344015, 138.95748]","[60.718169, 61.423318, 61.423318, 64.603831, 63.061861, 61.962268, 61.962268, 56.741406]"
High Judge,"[153.77643, 151.857315, 151.857315, 145.678095, 145.678095, 149.130615]","[31.468066, 35.244693, 35.244693, 35.093371, 35.093371, 32.384659]"
Inner Screen,"[176.320995, 176.46483, 176.46483, 180.21829499999998, 180.21829499999998, 181.302255]","[8.258119, 6.529376, 6.529376, 6.614322, 6.614322, 8.732985]"
Imperial Passageway,"[283.833735, 288.43953, 288.43953, 289.09206, 289.09206, 291.53801999999996, 291.53801999999996, 296.606655]","[43.946088, 39.145968, 39.145968, 38.133731, 38.133731, 36.317896, 36.317896, 33.727598]"
Bird's Beak,"[334.625565, 336.832965, 336.832965, 359.33261999999996, 359.33261999999996, 7.885875, 7.885875, 10.618034999999999, 10.618034999999999, 5.01213, 5.01213, 359.97891]","[-60.259587, -64.966354, -64.966354, -62.956584, -62.956584, -62.958218, -62.958218, -65.46803, -65.46803, -64.874791, -64.874791, -65.577132]"
Peasant,"[281.08066499999995, 281.08066499999995]","[-35.641987, -35.641987]"
Woman's Bed,"[258.76182, 259.417755, 259.417755, 260.92062000000004]","[36.809162, 37.291498, 37.291498, 37.145946]"
Female Protocol,"[268.79643, 268.79643]","[72.005127, 72.005127]"
Thunderbolt,"[345.969225, 349.29141, 349.29141, 351.99207, 351.99207, 354.98766, 354.98766, 359.827875]","[3.820045, 3.282289, 3.282289, 6.378992, 6.378992, 5.626292, 5.626292, 6.863321]"
Judging,"[199.730385, 211.592895]","[-23.171512, -26.682361]"
Flat Road,"[197.48746500000001, 205.40323500000002]","[-5.53901, -8.702984]"
Screen,"[78.23292, 76.36527]","[-16.205468, -22.371032]"
Seven Excellencies,"[249.68690999999998, 244.935165, 244.935165, 242.19243, 242.19243, 238.168545, 238.168545, 232.73232, 232.73232, 231.122715, 231.122715, 228.87564]","[48.928342, 46.313366, 46.313366, 44.934906, 44.934906, 42.451518, 42.451518, 40.833047, 40.833047, 37.377167, 37.377167, 33.314833]"
House for Musical Instruments,[],[]
Imperial Guards,"[233.785215, 230.343015, 230.343015, 224.79037499999998, 224.79037499999998, 224.63305499999998, 224.63305499999998, 227.21091, 227.21091, 230.67031500000002, 230.67031500000002, 229.633455, 229.633455, 226.27954499999998, 226.27954499999998, 222.909615, 222.909615, 220.482345]","[-41.166757, -40.647518, -40.647518, -42.104194, -42.104194, -43.13396, -43.13396, -45.279857, -45.279857, -44.689622, -44.689622, -47.875272, -47.875272, -47.051245, -47.051245, -43.575359, -43.575359, -47.3882]"
Chariots and Cavalry General,"[227.98377000000002, 227.98377000000002]","[-48.737819, -48.737819]"
Weeping,"[335.049645, 334.20847499999996]","[-7.821102, -7.78329]"
Celestial Cereals,[],[]
Green Hill,"[178.227195, 178.91720999999998, 178.91720999999998, 173.06835, 173.06835, 173.22555, 173.22555, 173.25057, 173.25057, 173.62317, 173.62317, 175.053315]","[-33.908124, -28.477103, -28.477103, -29.261022, -29.261022, -31.087226, -31.087226, -31.857625, -31.857625, -32.83134, -32.83134, -34.74466]"
Palace Gate,"[107.848395, 101.9652]","[-0.301928, 2.412159]"
Humans,"[322.487055, 320.52165, 320.52165, 326.1279, 326.1279, 326.518185]","[23.638838, 19.804508, 19.804508, 17.350017, 17.350017, 22.94888]"
Solar Star,"[235.48666500000002, 235.48666500000002]","[-19.678828, -19.678828]"
Three Excellencies (In Supreme Palace Enclosure),"[190.487985, 191.96420999999998]","[6.806617, 3.572716]"
Three Excellencies (In Purple Forbidden Enclosure),"[203.61374999999998, 199.56051]","[49.015973, 49.682062]"
Triangle,"[229.72771500000002, 238.786245, 238.786245, 252.166155, 252.166155, 229.72771500000002]","[-68.679545, -63.430727, -63.430727, -69.027715, -69.027715, -68.679545]"
Three Top Instructors,"[135.6363, 137.098005]","[67.629619, 66.873235]"
Three Steps,"[134.80241999999998, 135.906405, 135.906405, 154.27428, 154.27428, 155.582325, 155.582325, 169.619745, 169.619745, 169.54676999999998]","[48.041826, 47.156525, 47.156525, 42.914365, 42.914365, 41.499516, 41.499516, 33.094306, 33.094306, 31.528783]"
Royal Secretary,"[262.991175, 246.996, 262.991175, 250.22967, 262.991175, 245.45304, 262.991175, 254.00625]","[68.135024, 68.768137, 68.135024, 64.589046, 68.135024, 69.109391, 68.135024, 65.134796]"
Junior Officers,"[166.7703, 163.90335, 163.90335, 160.85399999999998, 160.85399999999998, 161.60226]","[25.537127, 24.749718, 24.749718, 23.188404, 23.188404, 18.891523]"
Snake's Abdomen,"[41.38572, 39.896985, 39.896985, 35.43747, 35.43747, 28.73358]","[-67.616617, -68.266946, -68.266946, -68.659418, -68.659418, -67.647303]"
Snake's Head,"[29.691765, 56.048895]","[-61.569859, -64.806903]"
Snake's Tail,"[6.418740000000001, 334.46113499999996, 334.46113499999996, 325.368795, 325.368795, 316.179315]","[-77.254247, -77.511553, -77.511553, -77.390046, -77.390046, -77.023767]"
Changing Room (Vassal of Tail),"[253.50765, 253.50765]","[-41.806389, -41.806389]"
Twelve States,"[316.101255, 315.215685, 316.48677000000004, 319.48869, 320.56164, 323.729055, 317.31428999999997, 317.387475]","[-19.854991, -17.530898, -17.232861, -17.985138, -16.834542, -20.252718, -20.193172, -20.556661]"
Cross,"[187.791435, 186.649665, 191.930385, 183.786405]","[-57.113212, -63.099092, -59.688764, -58.748928]"
Excrement,"[86.499555, 86.499555]","[-32.306435, -32.306435]"
Municipal Office,"[264.46130999999997, 265.353645, 270.77050499999996, 260.20692, 261.75895499999996, 265.94592]","[-8.118771, -12.875307, -8.180349, -12.846875, -12.512488, -7.079608]"
Eunuch,"[158.378805, 157.964055, 157.964055, 161.46624, 161.46624, 163.32789]","[34.988695, 32.379554, 32.379554, 30.682313, 30.682313, 34.214871]"
Official for Irrigation,"[91.893015, 92.984985, 92.984985, 93.85470000000001, 93.85470000000001, 93.01366499999999]","[14.768472, 14.208765, 14.208765, 16.143175, 16.143175, 16.130406]"
Crooked Running Water,"[24.42834, 17.096130000000002, 17.096130000000002, 10.838505]","[-57.236757, -55.24576, -55.24576, -57.46306]"
Water Level,"[112.44909, 116.567505, 116.567505, 121.26870000000001, 121.26870000000001, 123.053025]","[12.006564, 10.768252, 10.768252, 13.118215, 13.118215, 17.647771]"
Deified Judge of Right and Wrong,"[317.58541499999995, 318.62005500000004]","[10.131579, 10.006981]"
Deity in Charge of Monsters,"[89.498565, 91.03006500000001, 91.03006500000001, 90.979935, 90.979935, 88.59579000000001]","[25.953912, 23.263341, 23.263341, 20.138452, 20.138452, 20.276174]"
Deified Judge of Rank,"[326.80818, 324.8886]","[2.686124, 2.243558]"
Deified Judge of Life,"[324.88137, 325.542135]","[-0.05111, 1.285253]"
Deified Judge of Disaster and Good Fortune,"[320.723385, 320.2701]","[6.81114, 7.354503]"
Four Channels,"[105.90864, 101.83263, 101.83263, 98.22594000000001, 98.22594000000001, 95.942025]","[10.951817, 8.037254, 8.037254, 7.332965, 7.332965, 4.592865]"
Four Advisors,"[181.11874500000002, 157.77072, 157.77072, 157.425555]","[85.587132, 82.558587, 82.558587, 84.252009]"
Grandson,"[94.13806500000001, 91.88179500000001]","[-35.140519, -37.25292]"
Guard of the Sun,"[176.512725, 176.512725]","[47.779406, 47.779406]"
First Great One,"[205.37437500000001, 205.37437500000001]","[64.822411, 64.822411]"
Crown Prince,"[176.99643, 176.99643]","[20.218931, 20.218931]"
Royals,"[167.41593, 167.41593]","[44.498487, 44.498487]"
Flying Serpent,"[337.822725, 336.12913499999996, 336.12913499999996, 326.69836499999997, 326.69836499999997, 325.523595, 325.523595, 319.258485, 319.258485, 324.740085, 324.740085, 328.72149, 328.72149, 333.75816000000003, 333.75816000000003, 335.890125, 335.890125, 359.75223, 359.75223, 358.59596999999997, 358.59596999999997, 356.76426, 356.76426, 352.50804, 352.50804, 339.343485, 339.343485, 346.04553, 346.04553, 348.1374, 348.1374, 349.43598000000003, 349.43598000000003, 354.39083999999997, 354.39083999999997, 356.50851, 356.50851, 355.102035, 355.102035, 354.53415]","[50.282491, 49.476392, 49.476392, 49.30957, 49.30957, 51.189622, 51.189622, 53.997693, 53.997693, 57.489037, 57.489037, 56.611227, 56.611227, 57.043587, 57.043587, 52.229046, 52.229046, 55.754928, 55.754928, 57.499382, 57.499382, 58.651989, 58.651989, 58.54892, 58.54892, 51.545123, 51.545123, 50.052091, 50.052091, 49.406207, 49.406207, 49.0153, 49.0153, 46.458152, 46.458152, 46.420276, 46.420276, 44.333932, 44.333932, 43.268073]"
Celestial Concave,"[50.549549999999996, 50.549549999999996]","[27.607553, 27.607553]"
Celestial Flail,"[268.38201, 263.066505, 263.066505, 262.608195, 262.608195, 269.151555, 269.151555, 264.86620500000004]","[56.872643, 55.172958, 55.172958, 52.301387, 52.301387, 51.488895, 51.488895, 46.006332]"
Market Officer,"[278.80177499999996, 280.568445, 280.568445, 280.88022, 280.88022, 281.79363, 281.79363, 284.265285, 284.265285, 285.42012, 285.42012, 286.56225, 286.56225, 286.240305, 286.240305, 285.72708]","[-8.244073, -9.052549, -9.052549, -8.275215, -8.275215, -4.747867, -4.747867, -5.846314, -5.846314, -5.739115, -5.739115, -4.882554, -4.882554, -4.03142, -4.03142, -3.698987]"
Square Celestial Granary,"[4.856985, 17.147460000000002, 17.147460000000002, 21.00585, 21.00585, 27.86514, 27.86514, 26.017185, 26.017185, 29.942490000000003]","[-8.823921, -10.182264, -10.182264, -8.183257, -8.183257, -10.335038, -10.335038, -15.93748, -15.93748, -20.824539]"
Celestial Slander,"[57.38622, 57.38622]","[33.091382, 33.091382]"
Celestial Kitchen,"[288.138375, 293.08723499999996, 293.08723499999996, 297.04275, 297.04275, 300.70439999999996, 300.70439999999996, 300.36891, 300.36891, 290.167005]","[67.661541, 69.661175, 69.661175, 70.26793, 70.26793, 67.873565, 67.873565, 64.820974, 64.820974, 65.714531]"
Celestial Boat,"[42.674175, 46.19913, 46.19913, 51.08067, 51.08067, 54.122385, 54.122385, 55.73124, 55.73124, 62.165355000000005, 62.165355000000005, 63.724425, 63.724425, 64.80508499999999, 64.80508499999999, 64.17957]","[55.895496, 53.50644, 53.50644, 49.86118, 49.86118, 48.192634, 48.192634, 47.787551, 47.787551, 47.712513, 47.712513, 48.409331, 48.409331, 50.048695, 50.048695, 53.611799]"
Celestial Bed,"[213.01683, 228.65889, 228.65889, 236.66658, 243.105705, 224.396145, 224.396145, 221.46312]","[69.432548, 67.346722, 67.346722, 62.599557, 67.144176, 65.93246, 65.93246, 71.966155]"
Great General of Heaven,"[30.97476, 25.915125, 25.915125, 24.498075, 24.498075, 22.525425, 22.525425, 24.837525, 24.837525, 24.199485, 24.199485, 25.145055, 25.145055, 29.038905, 29.038905, 32.38587, 32.38587, 34.328595, 34.328595, 34.262865, 34.262865, 30.97476]","[42.329725, 50.688732, 50.688732, 48.628213, 48.628213, 47.007274, 47.007274, 44.386165, 44.386165, 41.405459, 41.405459, 40.577049, 40.577049, 37.25183, 37.25183, 34.987297, 34.987297, 33.847194, 33.847194, 34.224231, 34.224231, 42.329725]"
Celestial Drumstick,"[302.826195, 301.09647, 301.09647, 298.68666, 298.68666, 298.118205]","[-0.821461, -0.709309, -0.709309, 0.273627, 0.273627, 1.005661]"
Celestial Spokes,"[234.25605, 234.66405]","[-28.135079, -29.777754]"
Materials for Making Tents,"[343.98708, 343.98708]","[-32.539628, -32.539628]"
Celestial High Terrace,"[75.77394, 72.843585, 72.843585, 77.21013, 77.21013, 79.81917, 79.81917, 75.77394]","[21.589962, 18.839861, 18.839861, 19.85986, 19.85986, 22.096494, 22.096494, 21.589962]"
Celestial Hook,"[310.79583, 303.54427499999997, 303.54427499999997, 307.395225, 307.395225, 311.322165, 311.322165, 319.64445, 319.64445, 330.947025, 330.947025, 336.77212499999996, 336.77212499999996, 342.4203, 342.4203, 349.656]","[66.657447, 64.765259, 64.765259, 62.994105, 62.994105, 61.838782, 61.838782, 62.585573, 62.585573, 64.627971, 64.627971, 65.13227, 65.13227, 66.200408, 66.200408, 68.111445]"
Celestial Dog,"[129.410985, 131.099805, 131.099805, 133.200075, 133.200075, 130.025595, 130.025595, 130.898085, 130.898085, 132.63306, 132.63306, 133.88151]","[-42.989081, -42.649276, -42.649276, -38.724086, -38.724086, -35.308352, -35.308352, -33.186385, -33.186385, -27.709844, -27.709844, -27.681871]"
Celestial Pass,"[84.41119499999999, 84.41119499999999]","[21.142549, 21.142549]"
Great Emperor of Heaven,"[333.29251500000004, 333.29251500000004]","[86.107955, 86.107955]"
Celestial Pier,"[80.003835, 81.91203, 80.003835, 81.163095, 80.003835, 78.35716500000001, 80.003835, 78.851655]","[33.958054, 34.475892, 33.958054, 37.385346, 33.958054, 38.484498, 33.958054, 32.6876]"
Celestial Pigsty,"[13.573305, 14.006205, 14.006205, 11.369535, 11.369535, 11.047500000000001]","[-8.740662, -11.266526, -11.266526, -12.88081, -12.88081, -10.60955]"
Celestial Cock,"[295.62972, 296.590605]","[-16.123996, -19.761113]"
Judge for Estimating the Age of Animals,"[136.99902, 136.99902]","[-43.432589, -43.432589]"
Celestial Discipline,"[245.52430499999997, 250.32169500000003, 250.32169500000003, 255.07240499999997, 255.07240499999997, 255.401505, 255.401505, 255.87588000000002, 255.87588000000002, 259.331535, 259.331535, 264.15309, 264.15309, 269.06325000000004]","[30.891996, 31.602726, 31.602726, 30.926405, 30.926405, 33.56827, 33.56827, 35.414049, 35.414049, 33.1001, 33.1001, 30.785179, 30.785179, 37.250539]"
Celestial River,"[258.55936499999996, 258.83754, 258.83754, 260.502405, 260.502405, 261.59256]","[-26.984418, -26.602829, -26.602829, -24.999545, -24.999545, -24.175309]"
Celestial Street,"[66.35421, 64.31526]","[22.199998, 20.578591]"
Celestial Tally,"[66.651555, 68.46214499999999, 66.651555, 64.990425, 64.990425, 67.209015, 67.209015, 69.539415, 69.539415, 70.01424, 70.01424, 68.913585, 68.913585, 65.965935]","[14.713782, 14.844424, 14.713782, 14.035201, 14.035201, 13.047602, 13.047602, 12.510838, 12.510838, 12.197609, 12.197609, 10.16079, 10.16079, 9.460968]"
Celestial Ford,"[318.234105, 319.47948, 319.47948, 318.69775500000003, 318.69775500000003, 314.293395, 314.293395, 310.35798, 310.35798, 303.3252, 303.3252, 296.24361, 296.24361, 305.557095, 305.557095, 311.55267000000003, 311.55267000000003, 318.234105]","[30.226916, 34.896898, 34.896898, 38.045317, 38.045317, 41.167136, 41.167136, 45.280338, 45.280338, 46.815675, 46.815675, 45.13081, 45.13081, 40.256679, 40.256679, 33.970256, 33.970256, 30.226916]"
Celestial Stable,"[4.272945, 5.280255, 5.280255, 4.581945]","[38.681636, 37.968603, 37.968603, 36.785224]"
Celestial Wolf,"[101.287215, 101.287215]","[-16.716116, -16.716116]"
Celestial Prison,"[163.49471999999997, 172.26721500000002, 164.8668, 172.62976500000002, 165.210135, 170.70663000000002]","[43.189956, 39.336974, 40.430257, 43.173242, 39.212092, 43.482703]"
Celestial Ramparts,"[324.43795500000004, 326.251065, 326.251065, 326.56779, 326.56779, 326.63374500000003, 326.63374500000003, 326.67538499999995, 326.67538499999995, 321.04788, 321.04788, 318.93684, 318.93684, 315.284715, 315.284715, 314.978445, 314.978445, 317.39853, 317.39853, 319.07406, 319.07406, 320.734395, 320.734395, 321.304275]","[-7.854201, -9.082428, -9.082428, -9.275935, -9.275935, -11.365954, -11.365954, -11.697845, -11.697845, -12.878108, -12.878108, -15.1715, -15.1715, -13.529992, -13.529992, -13.051632, -13.051632, -11.371693, -11.371693, -9.214656, -9.214656, -9.31933, -9.31933, -9.748552]"
Judge for Nobility,"[169.07918999999998, 171.4881, 171.4881, 178.99338, 178.99338, 179.22189, 179.22189, 169.07918999999998]","[59.943201, 55.850459, 55.850459, 56.59856, 56.59856, 61.549213, 61.549213, 59.943201]"
Celestial Foodstuff,"[52.718235, 52.601955000000004, 52.601955000000004, 51.7923, 51.7923, 51.20331]","[12.936678, 11.336442, 11.336442, 9.73268, 9.73268, 9.02887]"
Celestial Gate,"[198.01476, 201.86319]","[-16.198601, -15.973578]"
Celestial Money,"[331.09932000000003, 326.93397, 326.93397, 326.236695, 326.236695, 332.09583, 332.09583, 332.536395, 332.536395, 331.09932000000003]","[-29.91653, -30.898304, -30.898304, -33.025781, -33.025781, -32.988468, -32.988468, -32.548407, -32.548407, -29.91653]"
Celestial Spear,"[213.36577499999999, 214.041585, 214.041585, 216.299505]","[51.787868, 51.367231, 51.367231, 51.850744]"
Circular Celestial Granary,"[45.56988, 50.27835, 50.27835, 44.92875, 44.92875, 41.235585, 41.235585, 33.249975, 33.249975, 37.039755, 37.039755, 38.968635, 38.968635, 40.82517, 40.82517, 39.87066, 39.87066, 38.03925, 38.03925, 35.55165, 35.55165, 32.899305000000005, 32.899305000000005, 33.19809]","[4.089734, 3.67562, 3.67562, 8.907365, 8.907365, 10.114146, 10.114146, 8.846717, 8.846717, 8.460054, 8.460054, 5.593246, 5.593246, 3.235818, 3.235818, 0.328511, 0.328511, -1.034896, -1.034896, -0.884852, -0.884852, -1.825429, -1.825429, -2.393637]"
Celestial Milk,"[237.40503, 237.40503]","[-3.430208, -3.430208]"
Celestial Earth God's Temple,"[122.38314, 130.15654500000002, 130.15654500000002, 131.175885, 131.175885, 140.52843000000001, 140.52843000000001, 142.805565]","[-47.336588, -46.648744, -46.648744, -54.708821, -54.708821, -55.010668, -55.010668, -57.034377]"
Celestial Farmland (In Horn Mansion),"[210.411645, 203.53305]","[1.544532, 3.658967]"
Celestial Farmland (In Ox Mansion),"[318.322185, 312.95538, 318.322185, 316.78195500000004, 316.78195500000004, 311.5239, 312.95538, 311.5239]","[-27.619333, -26.919133, -27.619333, -25.005853, -25.005853, -25.270898, -26.919133, -25.270898]"
Celestial Premier,"[152.531415, 154.40751]","[-8.40817, -8.068914]"
Celestial Great One,"[207.858075, 207.858075]","[64.723272, 64.723272]"
Celestial Yin Force,"[50.68851, 48.7254, 48.7254, 47.90733, 48.7254, 52.11069]","[20.742069, 21.044441, 21.044441, 19.726677, 21.044441, 22.804006]"
Ricks of Grain,"[31.122660000000003, 38.461275, 38.461275, 42.272535000000005]","[-29.296819, -28.232343, -28.232343, -32.405898]"
Celestial Spring,"[290.80464, 290.65954500000004, 290.65954500000004, 290.971545]","[-44.799778, -44.458965, -44.458965, -40.61594]"
Celestial Orchard,"[22.812765, 28.98846, 28.98846, 34.12731, 34.12731, 36.746325, 36.746325, 39.94989, 39.94989, 44.565345, 44.565345, 55.708619999999996, 55.708619999999996, 57.149445, 57.149445, 57.363555000000005, 57.363555000000005, 64.473555, 64.473555, 66.009195, 66.009195, 68.88768, 68.88768, 68.37734999999999]","[-49.072702, -51.608896, -51.608896, -51.512165, -51.512165, -47.70384, -47.70384, -42.89167, -42.89167, -40.304672, -40.304672, -37.313518, -37.313518, -37.620155, -37.620155, -36.20025, -36.20025, -33.798348, -33.798348, -34.016846, -34.016846, -30.562341, -30.562341, -29.766492]"
Celestial Meadows,"[59.507355, 56.535555, 56.535555, 55.81209, 55.81209, 53.23272, 53.23272, 48.958439999999996, 48.958439999999996, 44.10687, 44.10687, 41.030625, 41.030625, 41.275725, 41.275725, 42.759675, 42.759675, 45.597945, 45.597945, 49.87917, 49.87917, 53.446979999999996, 53.446979999999996, 56.712059999999994, 56.712059999999994, 56.915205, 56.915205, 58.427925, 58.427925, 59.981175]","[-13.508515, -12.101589, -12.101589, -9.763395, -9.763395, -9.458262, -9.458262, -8.81973, -8.81973, -8.898144, -8.898144, -13.858696, -13.858696, -18.572563, -18.572563, -21.004019, -21.004019, -23.624472, -23.624472, -21.757864, -21.757864, -21.632883, -21.632883, -23.249723, -23.249723, -23.874677, -23.874677, -24.61223, -24.61223, -24.016215]"
Celestial Keyhole,"[268.72518, 266.94, 266.94, 265.857495, 265.857495, 264.68688, 264.68688, 263.82707999999997, 263.82707999999997, 262.85397, 262.85397, 262.934895, 262.934895, 266.89011000000005]","[-24.887095, -22.477791, -22.477791, -21.683194, -21.683194, -21.912658, -21.912658, -22.043822, -22.043822, -23.962643, -23.962643, -26.269709, -26.269709, -27.830788]"
Celestial Pillar,"[310.64632500000005, 316.37174999999996, 316.37174999999996, 299.90283, 299.90283, 287.29074, 287.29074, 270.01416]","[82.531158, 78.126392, 78.126392, 76.481392, 76.481392, 76.560502, 76.560502, 80.000841]"
Celestial Wine Cup,"[110.86881, 110.030745, 110.030745, 105.603255]","[25.050531, 21.98232, 21.98232, 24.215446]"
Butcher's Shops,"[275.924505, 271.50792]","[21.769752, 22.218879]"
Official for Earthworks and Buildings,"[0.6237600000000001, 6.424635]","[8.485463, 7.691122]"
Official for Materials Supply,"[335.37948, 337.28326500000003]","[12.205186, 9.129034]"
Master of Constructions,"[10.89735, 10.89735]","[-17.986605, -17.986605]"
Outer Kitchen,"[126.61336500000002, 130.91823, 130.91823, 132.34053, 132.34053, 131.81244]","[-3.987479, -7.23373, -7.23373, -3.443023, -3.443023, -1.897033]"
Outer Fence,"[30.511755, 28.388955000000003, 28.388955000000003, 25.35789, 25.35789, 22.546305, 22.546305, 18.432855, 18.432855, 15.73587, 15.73587, 12.170595]","[2.763759, 3.187536, 3.187536, 5.487613, 5.487613, 6.14382, 6.14382, 7.575354, 7.575354, 7.890135, 7.890135, 7.585079]"
Wang Liang,"[2.293305, 8.249955, 8.249955, 12.2739, 12.2739, 10.126740000000002, 10.126740000000002, 7.943085]","[59.14978, 62.931783, 62.931783, 57.815187, 57.815187, 56.537331, 56.537331, 54.522289]"
Master of Constructions (In Legs Mansion),[],[]
Administrative Center,"[147.748005, 148.02649499999998, 148.02649499999998, 143.215725, 143.215725, 137.217945, 137.217945, 139.04711999999998]","[59.038735, 54.064332, 54.064332, 51.6773, 51.6773, 51.604648, 51.604648, 54.021857]"
Five Chariots,"[74.24840999999999, 79.17225, 79.17225, 89.88223500000001, 89.88223500000001, 89.930265, 89.930265, 81.57297]","[33.16609, 45.997991, 45.997991, 44.947433, 44.947433, 37.212585, 37.212585, 28.60745]"
Interior Seats of the Five Emperors,"[46.533044999999994, 31.279725, 46.533044999999994, 41.94852, 46.533044999999994, 50.081745, 46.533044999999994, 62.511585]","[79.418535, 77.281341, 79.418535, 81.448475, 79.418535, 77.73474, 79.418535, 80.698681]"
Seats of the Five Emperors,"[177.26494499999998, 177.31161, 177.26494499999998, 176.297595, 177.26494499999998, 178.91888999999998, 177.26494499999998, 177.73059]","[14.57206, 16.242882, 14.57206, 14.263335, 14.57206, 15.646818, 14.57206, 12.279037]"
Five Feudal Kings,"[103.19724, 107.784885, 107.784885, 111.43168499999999, 111.43168499999999, 113.98062, 113.98062, 118.37424]","[33.961254, 30.245163, 30.245163, 27.79808, 27.79808, 26.895741, 26.895741, 26.765783]"
Five Lords,"[196.588515, 194.73102, 194.73102, 191.661495, 191.661495, 184.000785]","[21.153397, 17.409446, 17.409446, 16.577691, 16.577691, 14.899071]"
Western Door,"[241.0922270833333, 239.547375, 239.547375, 238.456395, 238.456395, 236.01834]","[-159.40344166666668, -14.279358, -14.279358, -16.729293, -16.729293, -15.672834]"
Xi Zhong,"[289.2756, 292.42647, 292.42647, 294.11058, 294.11058, 295.45417499999996]","[53.368459, 51.729779, 51.729779, 50.221103, 50.221103, 50.52506]"
Pool of Harmony,"[80.45172, 82.68782999999999, 82.68782999999999, 79.784925]","[41.804572, 39.825916, 39.825916, 40.099051]"
Prime Minister,"[186.00620999999998, 186.00620999999998]","[51.562257, 51.562257]"
Little Dipper,"[184.58718, 179.90694, 179.90694, 158.86749, 158.86749, 161.446305, 161.446305, 143.472855, 143.472855, 141.0402, 141.0402, 131.480085, 131.480085, 125.161725, 125.161725, 114.01746]","[-79.31224, -78.221839, -78.221839, -78.607786, -78.607786, -80.540188, -80.540188, -80.941258, -80.941258, -80.786876, -80.786876, -79.504373, -79.504373, -77.484477, -77.484477, -77.634109]"
Officer of Honour,"[180.01959, 180.01959]","[19.419373, 19.419373]"
Temple,"[334.277085, 336.02868, 336.02868, 339.439095, 339.439095, 344.321655]","[-5.387164, -4.83702, -4.83702, -4.228056, -4.228056, -4.810095]"
Xuanyuan,"[135.160275, 136.632375, 136.632375, 139.711035, 139.711035, 140.263875, 140.263875, 145.64427, 145.64427, 145.88859, 145.88859, 141.16359, 141.16359, 142.930125, 142.930125, 146.46282000000002, 146.46282000000002, 148.19097, 148.19097, 154.17256500000002, 154.17256500000002, 154.99309499999998, 154.99309499999998, 151.833135, 151.833135, 152.09298, 152.09298, 145.287645, 152.09298, 158.202795, 152.09298, 151.97612999999998]","[41.782911, 38.452215, 38.452215, 36.802597, 36.802597, 34.392562, 34.392562, 32.994881, 32.994881, 29.974473, 29.974473, 26.182324, 26.182324, 22.967971, 22.967971, 23.774255, 23.774255, 26.006951, 26.006951, 23.417311, 23.417311, 19.841489, 19.841489, 16.762664, 16.762664, 11.967207, 11.967207, 9.892308, 11.967207, 9.306586, 11.967207, 9.997508]"
Sombre Lance,"[214.09610999999998, 214.09610999999998]","[46.088305, 46.088305]"
Battle Axe (Vassal of Well),"[93.719415, 93.719415]","[22.506799, 22.506799]"
Gate of Yang,"[220.48998, 220.91436000000002]","[-37.793498, -35.173655]"
Wild Cockerel,"[99.17098499999999, 99.17098499999999]","[-19.255879, -19.255879]"
Usher to the Court,"[185.08741500000002, 185.08741500000002]","[3.312574, 3.312574]"
Exotic Bird,"[260.49796499999997, 260.524485, 260.524485, 250.77189, 250.77189, 248.36413499999998, 248.36413499999998, 216.732015, 250.77189, 245.086785, 245.086785, 214.558155, 250.77189, 221.965515, 221.965515, 215.59662]","[-67.770668, -70.123208, -70.123208, -77.517435, -77.517435, -78.897148, -78.897148, -83.667884, -77.517435, -78.695745, -78.695745, -81.00776, -77.517435, -79.044751, -79.044751, -80.108945]"
Hidden Virtue,"[158.55613499999998, 158.77317]","[73.834484, 75.712948]"
Official in Charge of Pasturing,"[21.563595, 22.870875, 22.870875, 24.274649999999998, 24.274649999999998, 26.34846, 26.34846, 24.814335]","[19.172346, 15.345823, 15.345823, 12.141535, 12.141535, 9.157736, 9.157736, 14.285557]"
Right Flag,"[293.522295, 294.79851, 294.79851, 291.37458, 291.37458, 291.62953500000003, 291.62953500000003, 294.18032999999997, 294.18032999999997, 293.961405, 293.961405, 294.44714999999997, 294.44714999999997, 294.222705, 294.222705, 298.534485]","[7.378941, 5.397773, 5.397773, 3.114775, 3.114775, 0.33857, 0.33857, -1.286601, -1.286601, -2.455736, -2.455736, -4.64764, -4.64764, -7.027477, -7.027477, -8.574211]"
Right Conductor,"[208.671165, 206.81565, 206.81565, 207.369345]","[18.397717, 17.456906, 17.456906, 15.797905]"
Fish,"[268.47822, 268.47822]","[-34.752721, -34.752721]"
Palace Guard,"[330.609375, 332.2458, 332.2458, 333.57513, 335.39820000000003, 335.878515, 335.878515, 333.57813, 336.19371, 340.16391, 340.16391, 342.83725499999997, 341.38503, 338.67345, 338.67345, 341.888025, 340.89681, 338.95335, 338.95335, 336.642795, 337.572285, 336.112755, 336.112755, 334.75308, 337.92216, 339.81678, 339.81678, 340.75506, 342.125865, 343.36960500000004, 343.36960500000004, 342.39792, 341.928195, 343.662555, 343.662555, 343.68948, 347.361645, 347.478735, 347.478735, 346.670175, 353.31927, 352.925175, 352.925175, 351.51162, 350.74263, 350.663205, 350.663205, 349.77733708333335, 349.740315, 349.47589500000004, 349.47589500000004, 348.972885, 346.798755, 346.468875, 346.468875, 346.29078, 349.21225499999997, 354.94611000000003, 354.94611000000003, 355.680585]","[-16.964836, -18.519592, -18.519592, -21.074566, -21.59823, -24.762661, -24.762661, -27.766908, -26.859919, -27.043617, -27.043617, -29.536309, -25.236927, -20.708216, -20.708216, -19.613375, -18.830375, -17.460424, -17.460424, -16.742138, -14.585734, -13.529369, -13.529369, -13.304995, -10.905561, -10.027799, -10.027799, -10.102686, -10.555478, -11.616514, -11.616514, -13.592632, -14.056428, -15.82082, -15.82082, -16.271957, -21.17241, -22.457611, -22.457611, -23.743115, -20.914504, -21.369457, -21.369457, -20.642014, -20.10058, -15.039338, -15.039338, -188.17124583333333, -9.61075, -9.182513, -9.182513, -9.087737, -7.694583, -7.936712, -7.936712, -7.693801, -7.726504, -14.222178, -14.222178, -14.544905]"
Jade Well,"[77.2866, 75.359775, 75.359775, 76.962435, 76.962435, 79.40163]","[-8.754081, -7.173965, -7.173965, -5.086446, -5.086446, -6.844409]"
Maids-in-waiting,"[288.888435, 281.592735, 281.592735, 263.17212, 288.888435, 275.26104000000004]","[73.355468, 75.433964, 75.433964, 74.227355, 73.355468, 72.732843]"
Lunar Star,"[61.173795, 61.173795]","[22.081926, 22.081926]"
Whisper (Vassal of Net),"[69.81874499999999, 69.81874499999999]","[15.917977, 15.917977]"
Cloud and Rain,"[351.73314, 352.376325, 352.376325, 357.364485, 357.364485, 355.511685]","[1.255608, -1.0359, -1.0359, 1.076131, 1.076131, 1.780041]"
Zaofu,"[337.292745, 332.71362, 332.71362, 332.87742000000003, 332.87742000000003, 325.876905, 325.876905, 326.36220000000003]","[58.415198, 58.201261, 58.201261, 59.414488, 59.414488, 58.780046, 58.780046, 61.120806]"
Long Wall,"[158.04906, 161.605335, 161.605335, 162.314295, 162.314295, 158.70006]","[14.13727, 14.194645, 14.194645, 10.545202, 10.545202, 6.953749]"
Grandfather,"[84.912255, 82.80313500000001]","[-34.074108, -35.470519]"
Twinkling Indicator,"[218.01954, 218.01954]","[38.308253, 38.308253]"
Assistant (Vassal of Northern Dipper),"[201.306195, 201.306195]","[54.987958, 54.987958]"
Executions,"[213.191775, 219.84171, 219.84171, 220.806465, 220.806465, 223.58388, 223.58388, 226.017585]","[-27.261186, -25.028616, -25.028616, -24.997753, -24.997753, -24.642202, -24.642202, -25.281965]"
Battle Chariots,"[222.572205, 225.526785, 225.526785, 229.45767]","[-27.960371, -28.060611, -28.060611, -30.148673]"
Right linchpin (Vassal of Chariot),"[182.103375, 182.103375]","[-24.728875, -24.728875]"
Weaving Girl,"[281.08475999999996, 279.2346, 279.2346, 281.193135]","[39.670123, 38.783692, 38.783692, 37.605115]"
Left linchpin (Vassal of Chariot),"[188.01764999999997, 188.01764999999997]","[-16.196007, -16.196007]"
Tripod of the Zhou,"[197.96856, 195.06864000000002, 195.06864000000002, 196.79469]","[27.878183, 30.785021, 30.785021, 27.624741]"
Feudal Kings,"[88.33185, 84.93415499999999, 84.93415499999999, 82.31874, 82.31874, 77.027595, 77.027595, 74.45269499999999, 74.45269499999999, 70.56126]","[27.612262, 25.897091, 25.897091, 25.150215, 25.150215, 24.265175, 24.265175, 23.948562, 23.948562, 22.956926]"
Pillars (In Net Mansion),"[75.492225, 75.61951499999999, 75.61951499999999, 76.6287, 76.6287, 75.492225, 87.760125, 87.87249, 87.87249, 87.293505, 87.293505, 87.760125, 83.181975, 84.65869500000001]","[43.823308, 41.075837, 41.075837, 41.234474, 41.234474, 43.823308, 37.305573, 39.14848, 39.14848, 39.181071, 39.181071, 37.305573, 32.192022, 30.492412]"
Pillars (In Horn Mansion),"[215.75933999999998, 215.139345, 210.43122, 209.669805, 214.85094, 216.534285, 208.302255, 207.956685, 207.956685, 206.422065, 200.14944, 200.14944]","[-39.511819, -37.885295, -45.603421, -44.803584, -46.058093, -45.221424, -31.927612, -32.994089, -32.994089, -33.043721, -36.712295, -36.712295]"
Official of Royal Archives,"[275.189325, 275.189325]","[71.337814, 71.337814]"
Son,"[88.278675, 87.739935]","[-33.801361, -35.768309]"
Patriarchal Clan,"[281.415525, 281.75529]","[20.546308, 18.181519]"
Official of Religious Ceremonies,"[270.06582, 270.16130999999996, 270.16130999999996, 270.43833, 270.43833, 271.363695]","[4.368615, 2.931568, 2.931568, 1.305076, 1.305076, 2.500099]"
Official for the Royal Clan,"[265.868145, 266.973165]","[4.567303, 2.707276]"
Official in Charge of the Forest,"[39.704145, 40.59141, 40.59141, 41.137395, 41.137395, 42.87327, 42.87327, 42.323159999999994]","[21.961408, 20.011465, 20.011465, 15.311862, 15.311862, 15.082071, 15.082071, 17.464309]"
Left Flag,"[295.024125, 295.26225, 295.26225, 296.846925, 296.846925, 297.24441, 297.24441, 299.689275, 299.689275, 300.013785, 300.013785, 299.43936, 299.43936, 300.87507, 300.87507, 303.569235]","[18.01389, 17.476041, 17.476041, 18.534286, 18.534286, 19.142042, 19.142042, 19.492148, 19.492148, 17.516511, 17.516511, 16.789163, 16.789163, 16.031255, 16.031255, 15.197609]"
Left Conductor,"[221.31025499999998, 220.18152, 220.18152, 220.2873]","[16.96428, 16.418324, 16.418324, 13.7283]"
Seat Flags,"[101.914905, 104.404635, 104.404635, 100.770765, 100.770765, 101.684745, 101.684745, 99.832605, 99.832605, 102.691455, 102.691455, 99.704925, 99.704925, 99.664755, 99.664755, 103.255875]","[48.789476, 45.094094, 45.094094, 44.52445, 44.52445, 43.577427, 43.577427, 42.488877, 42.488877, 41.78123, 41.78123, 39.902559, 39.902559, 39.390854, 39.390854, 38.869157]"
